video_second;time_label;comments_per_second;views;new subscribers every 10 sec;engagement_rate_scaled
0;0:00;21;500033;54.0;2.62
1;0:01;30;500682;;3.75
2;0:02;28;501149;;3.5
3;0:03;25;501599;;3.12
4;0:04;20;502016;;2.5
5;0:05;33;502732;;4.12
6;0:06;27;503133;;3.38
7;0:07;31;503699;;3.88
8;0:08;33;504232;;4.12
9;0:09;31;504699;;3.88
10;0:10;29;505166;53.0;3.62
11;0:11;33;505732;;4.12
12;0:12;32;506216;;4.0
13;0:13;32;506716;;4.0
14;0:14;23;507066;;2.88
15;0:15;28;507649;;3.5
16;0:16;27;508133;;3.38
17;0:17;42;508882;;5.25
18;0:18;27;509133;;3.38
19;0:19;35;509766;53.0;4.38
20;0:20;23;510066;;2.88
21;0:21;28;510649;;3.5
22;0:22;24;511083;;3.0
23;0:23;31;511699;;3.88
24;0:24;37;512299;;4.62
25;0:25;26;512616;;3.25
26;0:26;33;513232;;4.12
27;0:27;33;513732;;4.12
28;0:28;33;514232;;4.12
29;0:29;29;514666;53.0;3.62
30;0:30;29;515166;;3.62
31;0:31;31;515699;;3.88
32;0:32;31;516199;;3.88
33;0:33;31;516699;;3.88
34;0:34;33;517232;;4.12
35;0:35;29;517666;;3.62
36;0:36;32;518216;;4.0
37;0:37;31;518699;;3.88
38;0:38;26;519116;;3.25
39;0:39;26;519616;55.0;3.25
40;0:40;32;520216;;4.0
41;0:41;32;520716;;4.0
42;0:42;34;521249;;4.25
43;0:43;21;521533;;2.62
44;0:44;32;522216;;4.0
45;0:45;20;522516;;2.5
46;0:46;30;523182;;3.75
47;0:47;20;523516;;2.5
48;0:48;36;524282;;4.5
49;0:49;27;524633;62.0;3.38
50;0:50;39;525332;;4.88
51;0:51;32;525716;;4.0
52;0:52;35;526266;;4.38
53;0:53;35;526766;;4.38
54;0:54;42;527382;;5.25
55;0:55;37;527799;;4.62
56;0:56;37;528299;;4.62
57;0:57;42;528882;;5.25
58;0:58;49;529498;;6.12
59;0:59;62;530215;55.0;7.75
60;1:00;74;530914;;9.25
61;1:01;84;531581;;10.5
62;1:02;101;532363;;12.62
63;1:03;122;533213;;15.25
64;1:04;126;533779;;15.75
65;1:05;148;534645;;18.5
66;1:06;170;535511;;21.25
67;1:07;176;536111;;22.0
68;1:08;195;536927;;24.38
69;1:09;196;537443;45.0;24.5
70;1:10;200;538010;;25.0
71;1:11;197;538460;;24.62
72;1:12;192;538877;;24.0
73;1:13;179;539161;;22.38
74;1:14;172;539544;;21.5
75;1:15;149;539662;;18.62
76;1:16;138;539979;;17.25
77;1:17;120;540179;;15.0
78;1:18;99;540330;;12.38
79;1:19;91;540697;51.0;11.38
80;1:20;80;541014;;10.0
81;1:21;64;541248;;8.0
82;1:22;57;541632;;7.12
83;1:23;39;541832;;4.88
84;1:24;44;542415;;5.5
85;1:25;42;542882;;5.25
86;1:26;42;543382;;5.25
87;1:27;31;543699;;3.88
88;1:28;33;544232;;4.12
89;1:29;36;544782;53.0;4.5
90;1:30;28;545149;;3.5
91;1:31;33;545732;;4.12
92;1:32;19;546000;;2.38
93;1:33;33;546732;;4.12
94;1:34;24;547083;;3.0
95;1:35;23;547566;;2.88
96;1:36;29;548166;;3.62
97;1:37;28;548649;;3.5
98;1:38;30;549182;;3.75
99;1:39;20;549516;54.0;2.5
100;1:40;26;550116;;3.25
101;1:41;37;550799;;4.62
102;1:42;30;551182;;3.75
103;1:43;26;551616;;3.25
104;1:44;33;552232;;4.12
105;1:45;29;552666;;3.62
106;1:46;33;553232;;4.12
107;1:47;29;553666;;3.62
108;1:48;38;554316;;4.75
109;1:49;31;554699;54.0;3.88
110;1:50;31;555199;;3.88
111;1:51;23;555566;;2.88
112;1:52;26;556116;;3.25
113;1:53;34;556749;;4.25
114;1:54;27;557133;;3.38
115;1:55;34;557749;;4.25
116;1:56;23;558066;;2.88
117;1:57;30;558682;;3.75
118;1:58;33;559232;;4.12
119;1:59;30;559682;53.0;3.75
120;2:00;28;560149;;3.5
121;2:01;34;560749;;4.25
122;2:02;37;561299;;4.62
123;2:03;32;561716;;4.0
124;2:04;36;562282;;4.5
125;2:05;34;562749;;4.25
126;2:06;28;563149;;3.5
127;2:07;31;563699;;3.88
128;2:08;36;564282;;4.5
129;2:09;25;564599;54.0;3.12
130;2:10;25;565099;;3.12
131;2:11;28;565649;;3.5
132;2:12;21;566033;;2.62
133;2:13;29;566666;;3.62
134;2:14;33;567232;;4.12
135;2:15;30;567682;;3.75
136;2:16;24;568083;;3.0
137;2:17;21;568533;;2.62
138;2:18;31;569199;;3.88
139;2:19;33;569732;55.0;4.12
140;2:20;35;570266;;4.38
141;2:21;29;570666;;3.62
142;2:22;23;571066;;2.88
143;2:23;31;571699;;3.88
144;2:24;27;572133;;3.38
145;2:25;24;572583;;3.0
146;2:26;36;573282;;4.5
147;2:27;25;573599;;3.12
148;2:28;36;574282;;4.5
149;2:29;29;574666;64.0;3.62
150;2:30;37;575299;;4.62
151;2:31;40;575849;;5.0
152;2:32;42;576382;;5.25
153;2:33;40;576849;;5.0
154;2:34;49;577498;;6.12
155;2:35;44;577915;;5.5
156;2:36;48;578482;;6.0
157;2:37;59;579165;;7.38
158;2:38;74;579914;;9.25
159;2:39;83;580564;75.0;10.38
160;2:40;95;581264;;11.88
161;2:41;109;581996;;13.62
162;2:42;119;582663;;14.88
163;2:43;143;583562;;17.88
164;2:44;156;584278;;19.5
165;2:45;177;585127;;22.12
166;2:46;207;586126;;25.88
167;2:47;228;586976;;28.5
168;2:48;253;587891;;31.62
169;2:49;286;588940;58.0;35.75
170;2:50;317;589956;;39.62
171;2:51;342;590872;;42.75
172;2:52;367;591787;;45.88
173;2:53;398;592803;;49.75
174;2:54;428;593802;;53.5
175;2:55;441;594518;;55.12
176;2:56;465;595417;;58.12
177;2:57;476;596100;;59.5
178;2:58;489;596817;;61.12
179;2:59;500;597500;34.0;62.5
180;3:00;500;598000;;62.5
181;3:01;499;598483;;62.38
182;3:02;490;598833;;61.25
183;3:03;479;599150;;59.88
184;3:04;466;599434;;58.25
185;3:05;451;599685;;56.38
186;3:06;417;599619;;52.12
187;3:07;394;599737;;49.25
188;3:08;373;599887;;46.62
189;3:09;356;600104;38.0;44.5
190;3:10;318;599972;;39.75
191;3:11;294;600073;;36.75
192;3:12;253;599891;;31.62
193;3:13;231;600025;;28.88
194;3:14;214;600243;;26.75
195;3:15;189;600327;;23.62
196;3:16;161;600361;;20.12
197;3:17;142;600545;;17.75
198;3:18;124;600746;;15.5
199;3:19;111;601030;49.0;13.88
200;3:20;96;601280;;12.0
201;3:21;83;601564;;10.38
202;3:22;76;601948;;9.5
203;3:23;76;602448;;9.5
204;3:24;53;602565;;6.62
205;3:25;49;602998;;6.12
206;3:26;44;603415;;5.5
207;3:27;42;603882;;5.25
208;3:28;37;604299;;4.62
209;3:29;28;604649;53.0;3.5
210;3:30;37;605299;;4.62
211;3:31;31;605699;;3.88
212;3:32;26;606116;;3.25
213;3:33;27;606633;;3.38
214;3:34;27;607133;;3.38
215;3:35;26;607616;;3.25
216;3:36;29;608166;;3.62
217;3:37;35;608766;;4.38
218;3:38;32;609216;;4.0
219;3:39;29;609666;54.0;3.62
220;3:40;36;610282;;4.5
221;3:41;28;610649;;3.5
222;3:42;28;611149;;3.5
223;3:43;27;611633;;3.38
224;3:44;29;612166;;3.62
225;3:45;32;612716;;4.0
226;3:46;24;613083;;3.0
227;3:47;27;613633;;3.38
228;3:48;39;614332;;4.88
229;3:49;26;614616;54.0;3.25
230;3:50;31;615199;;3.88
231;3:51;29;615666;;3.62
232;3:52;30;616182;;3.75
233;3:53;29;616666;;3.62
234;3:54;27;617133;;3.38
235;3:55;31;617699;;3.88
236;3:56;31;618199;;3.88
237;3:57;34;618749;;4.25
238;3:58;40;619349;;5.0
239;3:59;29;619666;61.0;3.62
240;4:00;37;620299;;4.62
241;4:01;38;620816;;4.75
242;4:02;33;621232;;4.12
243;4:03;29;621666;;3.62
244;4:04;36;622282;;4.5
245;4:05;31;622699;;3.88
246;4:06;41;623365;;5.12
247;4:07;43;623899;;5.38
248;4:08;56;624615;;7.0
249;4:09;62;625215;56.0;7.75
250;4:10;64;625748;;8.0
251;4:11;87;626630;;10.88
252;4:12;104;627413;;13.0
253;4:13;108;627980;;13.5
254;4:14;136;628945;;17.0
255;4:15;141;629529;;17.62
256;4:16;164;630411;;20.5
257;4:17;180;631177;;22.5
258;4:18;192;631877;;24.0
259;4:19;197;632460;44.0;24.62
260;4:20;200;633010;;25.0
261;4:21;201;633527;;25.12
262;4:22;191;633860;;23.88
263;4:23;182;634211;;22.75
264;4:24;162;634378;;20.25
265;4:25;150;634678;;18.75
266;4:26;132;634879;;16.5
267;4:27;122;635213;;15.25
268;4:28;99;635330;;12.38
269;4:29;88;635647;51.0;11.0
270;4:30;71;635864;;8.88
271;4:31;56;636115;;7.0
272;4:32;55;636598;;6.88
273;4:33;48;636982;;6.0
274;4:34;40;637349;;5.0
275;4:35;27;637633;;3.38
276;4:36;31;638199;;3.88
277;4:37;38;638816;;4.75
278;4:38;35;639266;;4.38
279;4:39;34;639749;53.0;4.25
280;4:40;33;640232;;4.12
281;4:41;31;640699;;3.88
282;4:42;31;641199;;3.88
283;4:43;35;641766;;4.38
284;4:44;26;642116;;3.25
285;4:45;35;642766;;4.38
286;4:46;32;643216;;4.0
287;4:47;26;643616;;3.25
288;4:48;31;644199;;3.88
289;4:49;32;644716;53.0;4.0
290;4:50;30;645182;;3.75
291;4:51;27;645633;;3.38
292;4:52;25;646099;;3.12
293;4:53;26;646616;;3.25
294;4:54;28;647149;;3.5
295;4:55;26;647616;;3.25
296;4:56;34;648249;;4.25
297;4:57;31;648699;;3.88
298;4:58;23;649066;;2.88
299;4:59;32;649716;;4.0
300;5:00;31;650199;;3.88